S#,Employee Name,Designation,
ISLAMABAD,,,
,,,
1,Asim Usman,Director SW Engineering,
2,Khawaja Muhammad Mustafa ,SW Engineering Technical Lead,
3,M. Jawad Khan ,Team Lead,
4,Muhammad Rashid ,Team Lead,
5,Muhammad Abdullah Ijaz ,Team Lead,
6,Mashood Ul Hassan,HW Engineering Technical Lead,
7,Farhan Tariq,Sr. Software Engineer,
8,Sundas Hamid,Staff SW Engineer,
9,Karam Naveed,Software Engineer,
10,Khadem Ullah,Sr. Software Engineer,
11,Ayesha Waris,Tech Lead,
12,Majeed Jan,Software Engineer,
13,Muhammad Saqib Saif,Team Lead,
14,Muhammad Shahzaib,Sr. Hardware Engineer,
15,Rabeea Shahid,Team Lead,
16,Ali Ashraf,Sr.Hardware Engineer,
17,Muneeb Abrar,Tech Lead,
18,Ahmed Zaib,Staff HW Engineer,
19,Ammaz Anwar,DFT Technical Lead,
20,Aneesa Tayyab,Jr. Software Engineer,
21,Muhammad Naaman Liaqat,Sr.Hardware Engineer,
22,Asad Ahmed,Sr. Hardware Engineer,
23,"	Muhammad Hamza Javaid",Hardware Engineer,
24,Asad Asif,Sr. Hardware Engineer,
25,Umar Farooq,Manager Emulation,
26,Muhammad Nadeem,Jr. Hardware Engineer,
27,Muhammad Shahzaib,Sr. Hardware Engineer,
28,Ayesha Gauhar,Tech Lead,
29,Irfan Hussain,Software Engineer,
30,Muhammad Afaq Younas,Jr. Software Engineer,
31,Javeria Ahsan,Hardware Engineer,
32,Aasim Zia,Sr. Software Engineer,
33,Gul-e-Zahra Haider,Software Engineer,
34,Saad Khan,Hardware Engineer,
35,Uzair Rahman,Jr. Software Engineer,
36,Zarish Saif,Jr. Hardware Engineer,
37,Mohamad Rishard Ahamad,Hardware Engineer,
38,Faiz Ahmed,Hardware Engineer,
39,Hamza Qureshi,Software Engineer,
40,Muhammad Zain Naveed,Jr. Hardware Engineer,
41,Zaryan Ur Rehman,Jr. Hardware Engineer,
42,Muhammad Huzaifa Qureshi,Jr. Hardware Engineer,
43,Muhammad Sufiyan Sadiq,Jr. Hardware Engineer,
44,Rukhaima Maryam,Jr. Hardware Engineer,
45,Hamza Rauf,Jr. Software Engineer,
46,Shameer Hussain Khan,Jr. Hardware Engineer,
47,Abdurrahim Muhammad Ghani,Jr. Hardware Engineer,
48,Muhammad Ahabb Sheraz,Jr. Software Engineer,
49,Abdul Hadi,Jr. Hardware Engineer,
50,Ahad Qasim,Software Engineer,
51,Mustafa Ali,Jr. Software Engineer,
52,Muqadas Naz,Jr. Hardware Engineer,
53,Maaz Saeed,Jr. Software Engineer,
54,Muhammad Umer,Jr. Hardware Engineer,
55,Mehboob Khaliq,Jr. Hardware Engineer,
56,Zeeshan Ahmad,Jr. Software Engineer,
57,Natasha Kamal,Jr. Hardware Engineer,
58,Sara Malik,Sr. Hardware Engineer,
59,Aqib Amjad ,Sr. Hardware Engineer,
60,Bilal Zahoor Ahmed,SW Technical Lead,
61,Waqar Azeem Baig,Jr. Hardware Engineer,
62,Abdullah Farooq,Jr. DevOps Engineer,
63,Bilal Qadeer,Jr. Hardware Engineer,
64,Muhammad Taha,Jr. Hardware Engineer,
65,Tanveer Ahmed Khan,Jr. Hardware Engineer,
66,Irfa Farooq,Jr. Hardware Engineer,
67,Zain Jahangir,Jr. Hardware Engineer,
68,Muhammad Arham Siddiqui,Jr. Hardware Engineer,
69,Ashir Arfan Miana,Jr. Hardware Engineer,
70,Ibraheem Nayyar Wasay,Jr. Hardware Engineer,
71,Muhammad Abbas,Jr. Hardware Engineer,
72,Ume Kalssom,Jr. Hardware Engineer,
73,Muhammad Mirza,Jr. Hardware Engineer,
74,Fatima Aamir,Jr. Hardware Engineer,
75,Ejaz Ahmed Khan,Junior Hardware Engineer,
76,Muhammad Arham Maymoon,Junior Hardware Engineer,
77,Syed Bilal Sajjad Hashmi,System & Storage Infrastructure Architect.,IT
78,Muhammad Abdullah Asim,Jr. Hardware Engineer,
79,Salman Abdul Khaliq,Project Manage,
80,Muhammad Bilal,Jr. Software Engineer,
81,Basit Mehmood,Hardware Engineer,
82,Hadia Tahir,Jr. Software Engineer,
83,Sameer Awais,Hardware Engineer,
84,Muhammad Umar Ibrahim,IT Support Enginee,IT
85,Anas Khan,Jr. Emulation Engineer,
86,Abdullah Mudassir,Jr Dev Ops Engineer/IT SUpport Eng,IT
87,Muhammad Farhan,Jr Emulation Engineer,
88,Sohaib Hussain,Hardware Engineer,
89,Muhammad Soban,Hardware Engineer,
KARACHI,,,
,,,
1,Daniyal Ali,HW Engineering Technical Lead,
2,M. Farhan Uz Zaman Siqqiqui,Associate HW Engineering Manager,
3,Maarij Raheem,Sr. HW Engineering Manager,
4,Minhaj Ahmed,Sr. Software Engineer,
5,Muhammad Ashraf,Principal SW Engineer,
6,Muhammad Moiz Khan,Staff SW Engineer,
7,Muhammad Obaid Khalid,Director HW Engineering,
8,Sheryar Shahzad,Staff Software Engineer,
9,Syed Muhammad Arif Hashmi,Sr. Hardware Engineer,
10,Zafir Hafeez,SW Engineering Manager,
11,Fasahat Hussain,HW Engineering Architect,
12,Ali Rehan Sharif,Team Lead,
13,Jawaid Rasheed,Staff SW Engineer,
14,Muhammad Umer Rathore,IT MANAGER,IT
15,Taha Sami,Sr. Software Engineer,
16,Muhammad Ameer Hamza,Sr. Hardware Engineer,
17,Osama,Software Engineer,
18,Syed Muhammad Ali Raza,Sr. Hardware Engineer,
19,Junaid Saleem,Staff Software Engineer,
20,Muhammad Faisal Din,Staff SW Engineer,
21,Hifza Hussain,Hardware Engineer,
22,Henzila Fateh Muhammad,Sr. Hardware Engineer,
23,Muhammad Hassan Khan,Hardware Engineer,
24,Qurat Ul Ain,Hardware Engineer,
25,Nimra Khan,Sr. Hardware Engineer,
26,Maryam ,Jr. Software Engineer,
27,Muhammad Waleed Badar ,Software Engineer,
28,Muhamamd Waleed Jalil,Hardware Engineer,
29,Syed Muhammad Arham Tahir,Hardware Engineer,
30,Syed Muhammad Osama,Hardware Engineer,
31,Farrukh Ahmed Siddiqui,Hardware Engineer,
32,Rameen Anwer,Design and Layout Engineer,
33,Muhammad Junaid ,Senior Design and Layout Engineer,
34,Muhammad Aaquib Shahbaz,Principal Design and Layout Engineer,
35,Syed Arsalan Jawed,Director Analog Design,
36,Muhammad Shayan,Hardware Engineer,
37,Mariam Syed,Hardware Engineer,
38, Hareem Sadiq,Jr. Software Engineer,
39,Muhammad Huzaifa,Jr. Software Engineer,
40,Vandana,Jr. Software Engineer,
41,Syed Muhammad Murtaza,Jr. Software Engineer,
42,Faisal Amin,Software Engineer,
43,Haziq Iqbal,Design Engineer,
44,Muhammad Fayz Tauseef,Hardware Engineer,
45,Muhammad Misbah,Hardware Engineer,
46,Mubashir,Junior Software Engineer,
47,Syed Ali Moajiz Rizvi,Software Engineer,
48,Fahad Ahmed Nizami,Associate Design Engineer,
49,Abdul Wasay,Associate Design Engineer,
50,Mehwish Aleem,Jr. Hardware Engineer,
51,Muhammad Qamar Raza,Jr. Hardware Engineer,
52,Daniyal,Jr. Hardware Engineer,
53,Syed Hasnain Ali Naqvi,Jr. Hardware Engineer,
54,Muhammad Umair Khan,Jr. Hardware Engineer,
55,Tehreem Fatima,Jr. Software Engineer,
56,Syed Ashar Mohiuddin,Jr. Software Engineer,
57,Syed Ali Ahmed Rizvi,IT Support  Engieer,IT
58,Abdul Basit,Staff Hardware Engineer,
59,Syed Shaheer Sarwar,DevOps Engineer,IT
60,Abdul Kareem,Jr. Hardware Engineer,
61,Shehryar Kashif,Jr. Hardware Engineer,
62,Aakash Memon,Manager IT,IT
63,Muhammad Hassan Akram,Jr. Software Engineer,
64,Imtiaz Hussain Warachi,Sr Cloud Architect,IT
65,Syed Talha Ahmed,IC and PCB Design Engineer,
66,Hamad Khan,Associate IC Design and Layout Enginee,
67,Shahrukh Hussain,Associate IC Design and Layout Enginee,
68,Muhammad Anwar Ansari,IC and PCB Design Engineer,
69,Ata-Ul-Munim,Senior DevOps Engineer,IT
70,Rehan Qasim,Senior DevOps Engineer,IT
71,Humayun Siraj,Hardware Engineer,
72,Eeman,"Associate IC 
Design and Layout Engineer",
73,Syed Ahmed Jamal,Associate PCB Design and Layout Engineer,
74,Nadeem Ahmed,DevOps Engineer,IT
75,Khalid Ur Rehman,Senior Database Administrator,IT
76,Muhammad Saad Haroon,Senior DevOps Engineer,IT
77,Syed Tayyab Farooq,Sr. Software Engineer,
78,Ahmed Musharaf,Jr.Software Engineer,
79,Muhammad Faraz Ashfaq,Senior DevOps Engineer,IT
80,Hammad,Associate PCB Design and Layout Engineer,
81,Muhammad Ahmad Shaban,Associate IC Design and Layout Enginee,
82,Anesh Kumar,Network Implementation Engineer,IT
LAHORE,,,
,,,
1,Areej Afzal ,Software Engineer,
2,Muhammad Umer Idrees,SW Engineering Technical Lead,
3,Haseeb Tariq,SW Engineering Technical Lead,
4,Muhammad Idrees,Sr. Hardware Engineer,
5,Muhammad Azeem Ghori ,HW Engr Technical Lead,
6,Najam Khalil,HW Engr Technical Lead,
7,Waqas Ijaz,HW Engr Technical Lead,
8,Wasiq Hussain Qureshi,AM - IT,IT
9,Muhammad Awais Karim,HW Engineering Manager,
10,Muhammad Ansar Rasheed,Software Engineer,
11,Shahid Hussain,HW Engr Technical Lead,
12,Shaheer Sajid,Staff HW Engineer,
13,Muhammad Ammar Malik,Hardware Engineer,
14,Amna,Software Engineer,
15,Wasim Ghafar,Software Engineer,
16,Arbab Haider,Software Engineer,
17,Abdul Waheed Bhatti,Hardware Engineer,
18,"	Hafiz Muhammad Faheem",Hardware Engineer,
19,Ahmed Maroof,Jr.Hardware Engineer,
20,Muhammad Usama Aslam,Software Engineer,
21,Muhammad Bilal Baber,Hardware Engineer,
22,Ans Hafeez,Sr. Software Engineer,
23,Areeba Mehboob,Hardware Engineer,
24,Sadeem Sajid,Jr. Software Engineer,
25,Abeera Adnan,Jr.Hardware Engineer,
26,Sheheryar,Jr.Hardware Engineer,
27,Muhammad Zeeshan Malik,Jr.Hardware Engineer,
28,Muhammad Abdullah,Jr.Hardware Engineer,???
29,Ahsan Jilani,Jr DevOps Engineer,IT
30,Muhammad Faiq Asif,Jr. Software Engineer,
31,Asad Ullah,Jr. Software Engineer,
32,Hafiz M. Sameer Jameel,Software Engineer,
33,Shakeel Ahmad,"Senior 
Manager Analog Design",
34,Muhammad Miqdad Ahmad,Jr. Software Engineer,
35,Muhammad Usama,Design Engineer,
36,Saqib Ameer Khan,Associate Design Engineer,
37,Mumtaz Ahmad,Project Director,
38,Muhammad Mujtaba Waseem,Hardware Engineer,
