name,role,email,notes
Aakash Memon,Software engineer,aakash.memon@logicsilicon.com,
Aasim Zia,Software engineer,aasim.zia@logicsilicon.com,
Abdul  Kareem,Software engineer,abdul.kareem@logicsilicon.com,
Abdul Basit,Software engineer,abdul.basit@logicsilicon.com,
Abdul Hadi,Software engineer,abdul.hadi@logicsilicon.com,
Abdul Rehman Al Nasir,Software engineer,rehman.nasir@logicsilicon.com,
Abdul Rehman Aslam (EXT),Software engineer,rehman.aslam.ext@logicsilicon.com,
Abdul Waheed Bhatti,Software engineer,waheed@logicsilicon.com,
Abdul Wasay,Software engineer,abdul.wasay@logicsilicon.com,
Abdullah Farooq,Software engineer,abdullah.farooq@logicsilicon.com,
Abdullah Ijaz,Software engineer,abdullah@logicsilicon.com,
Abdullah Mudassar,Software engineer,abdullah.mudassar@logicsilicon.com,
Abdur Rehman Ashraf,Software engineer,rehman.ashraf@logicsilicon.com,
Abdurrahim Muhammad Ghani,Software engineer,abdurrahim.mghani@logicsilicon.com,
Abeera Adnan,Software engineer,abeera.adnan@logicsilicon.com,
Accounts Logic Silicon,Software engineer,accounting@logicsilicon.com,
Aftab Ahmed,Software engineer,aftab.ahmed@logicsilicon.com,
Ahad Qasim,Software engineer,ahad.qasim@logicsilicon.com,
Ahamad Rishard,Software engineer,ahamad.rishard@logicsilicon.com,
Ahmad Shahban,Software engineer,ahmad.shahban@logicsilicon.com,
Ahmed Abdullah Mujtaba,Software engineer,ahmed.mujtaba@logicsilicon.com,
Ahmed Maroof,Software engineer,ahmed.maroof@logicsilicon.com,
Ahmed Musharaf,Software engineer,ahmed.musharaf@logicsilicon.com,
Ahmed Zaib,Software engineer,ahmed.zaib@logicsilicon.com,
ahmed.shahid,Software engineer,ahmed.shahid_altera.com#EXT#@logicsiliconinc.onmicrosoft.com,
Ahsan Jilani,Software engineer,ahsan.jilani@logicsilicon.com,
Aiman Malik,Software engineer,aiman.malik@logicsilicon.com,
Ali Ahmed Syed,Software engineer,ali.ahmed@logicsilicon.com,
Ali Ashraf,Software engineer,ali.ashraf@logicsilicon.com,
Ali Raza,Software engineer,ali.raza@logicsilicon.com,
Ali Raza Bhatti,Software engineer,ali.raza.bhatti@logicsilicon.com,
Ali Rehan,Software engineer,ali.rehan@logicsilicon.com,
Alvin Phan,Software engineer,alvin.phan@logicsilicon.com,
Ammaz Anwar,Software engineer,ammaz.anwar@logicsilicon.com,
Amna Ehtsham,Software engineer,amna.ehtsham@logicsilicon.com,
Anas Khan,Software engineer,anas.khan@logicsilicon.com,
Aneesa Tayyab,Software engineer,aneesa.tayyab@logicsilicon.com,
Anesh Kumar,Software engineer,anesh.kumar@logicsilicon.com,
Ans Hafeez,Software engineer,ans.hafeez@logicsilicon.com,
Anwar ul Haq,Software engineer,anwar@logicsilicon.com,
Aqib Amjad,Software engineer,aqib.amjad@logicsilicon.com,
aqibx.amjad,Software engineer,aqibx.amjad_altera.com#EXT#@logicsiliconinc.onmicrosoft.com,
arbab Haider,Software engineer,arbab.haider@logicsilicon.com,
Areeba Mehboob,Software engineer,areeba.mehboob@logicsilicon.com,
Areej Afzal,Software engineer,areej@logicsilicon.com,
Arham Tahir,Software engineer,arham.tahir@logicsilicon.com,
Arsalan Jawed,Software engineer,arsalan.jawed@logicsilicon.com,
Asad Ahmed,Software engineer,asad.ahmed@logicsilicon.com,
Asad Asif,Software engineer,asad.asif@logicsilicon.com,
Asad Ullah,Software engineer,asad.ullah@logicsilicon.com,
Ashir Arfan Miana,Software engineer,ashir.arfan@logicsilicon.com,
"Ashraf, Irfan",Software engineer,irfan.ashraf_altera.com#EXT#@logicsiliconinc.onmicrosoft.com,
"Ashraf, MuhammadX",Software engineer,muhammadx.ashraf_altera.com#EXT#@logicsiliconinc.onmicrosoft.com,
Asim Usman,Software engineer,asim@logicsilicon.com,
Ata Ul Munim,Software engineer,ata.munim@logicsilicon.com,
Ayesha Gauhar,Software engineer,ayesha.gauhar@logicsilicon.com,
Ayesha Waris,Software engineer,ayesha.waris@logicsilicon.com,
Babar Rasheed,Software engineer,babar.rasheed@logicsilicon.com,
Basit Mehmood,Software engineer,basit.mehmood@logicsilicon.com,
Bilal Mahmood,Software engineer,bilal.mahmood@logicsilicon.com,
Bilal Qadeer,Software engineer,bilal.qadeer@logicsilicon.com,
Bilal Zahoor Ahmed,Software engineer,bilal.zahoor@logicsilicon.com,
bilal.mahmood,Software engineer,bilal.mahmood_dreambigsemi.com#EXT#@logicsiliconinc.onmicrosoft.com,
Charlie Shureen,Software engineer,cshureen_aslcpa.com#EXT#@logicsiliconinc.onmicrosoft.com,
Creekside Networks,Software engineer,creeksidenetworks_gmail.com#EXT#@logicsiliconinc.onmicrosoft.com,
Daniyal Ali,Software engineer,daniyal@logicsilicon.com,
Daniyal Rahim,Software engineer,daniyal.rahim@logicsilicon.com,
Eeman,Software engineer,eeman@logicsilicon.com,
Ejaz Ahmed Khan,Software engineer,ejaz.ahmed@logicsilicon.com,
Fahad Ahmed Nizami,Software engineer,fahad.ahmed@logicsilicon.com,
Faisal Amin,Software engineer,faisal.amin@logicsilicon.com,
Faisal Masood,Software engineer,faisalm@logicsilicon.com,
Faiz Ahmed,Software engineer,faiz.ahmed@logicsilicon.com,
Fakhar Ahsan,Software engineer,fakhar@logicsilicon.com,
Faraz Majid (IT),Software engineer,faraz.majid@logicsilicon.com,
Farhan Tariq,Software engineer,farhan.tariq@logicsilicon.com,
Farhan Uz Zaman,Software engineer,farhan@logicsilicon.com,
Farhat Ullah,Software engineer,farhat@logicsilicon.com,
Farrukh Ahmed,Software engineer,farrukh.ahmed@logicsilicon.com,
farrukhsiddiqui.6465,Software engineer,farrukhsiddiqui.6465_gmail.com#EXT#@logicsiliconinc.onmicrosoft.com,
Fasahat Hussain,Software engineer,fasahat@logicsilicon.com,
Fatima Aamir,Software engineer,fatima.aamir@logicsilicon.com,
Fayz Tauseef,Software engineer,fayz.tauseef@logicsilicon.com,
"Feroz, MaryamX",Software engineer,maryamx.feroz_altera.com#EXT#@logicsiliconinc.onmicrosoft.com,
"Feroz, MaryamX",Software engineer,maryamx.feroz_intel.com#EXT#@logicsiliconinc.onmicrosoft.com,
Gitlab Logic Silicon,Software engineer,gitlab.tool@logicsilicon.com,
Gul e Zahra,Software engineer,gulezahra@logicsilicon.com,
Hadia Tahir,Software engineer,hadia.tahir@logicsilicon.com,
Hafiz Muhammad Faheem,Software engineer,faheem@logicsilicon.com,
Hafiz Muhammad Sameer Jameel,Software engineer,sameer.jameel@logicsilicon.com,
Hamad Asif,Software engineer,hamad.asif@logicsilicon.com,
hamadx.khan,Software engineer,hamadx.khan_altera.com#EXT#@logicsiliconinc.onmicrosoft.com,
hamadx.khan,Software engineer,hamadx.khan_intel.com#EXT#@logicsiliconinc.onmicrosoft.com,
"Hamid, SundasX",Software engineer,sundasx.hamid_altera.com#EXT#@logicsiliconinc.onmicrosoft.com,
Hammad Mohiuddin,Software engineer,hammad.mohiuddin@logicsilicon.com,
Hamza Qureshi,Software engineer,hamza.qureshi@logicsilicon.com,
Hamza Rauf,Software engineer,hamza.rauf@logicsilicon.com,
Hareem Sadiq,Software engineer,hareem@logicsilicon.com,
hareemx.sadiq,Software engineer,hareemx.sadiq_altera.com#EXT#@logicsiliconinc.onmicrosoft.com,
Hasan Syed,Software engineer,hasan@logicsilicon.com,
Haseeb Tariq,Software engineer,haseeb.tariq@logicsilicon.com,
Hasnat Ahmed Gill,Software engineer,hasnat.ahmed@logicsilicon.com,
Hassan Khan,Software engineer,hassan.khan@logicsilicon.com,
Haziq Iqbal,Software engineer,haziq.iqbal@logicsilicon.com,
Henzila Fateh Muhammad,Software engineer,henzila@logicsilicon.com,
Hifza Hussain,Software engineer,hifza@logicsilicon.com,
Humayun Siraj,Software engineer,humayun.siraj@logicsilicon.com,
Huzaifa Qureshi,Software engineer,huzaifa.qureshi@logicsilicon.com,
Ibraheem Nayyar Wasay,Software engineer,ibraheem.nayyar@logicsilicon.com,
Imtiaz Ahmed,Software engineer,imtiaz@logicsilicon.com,
Imtiaz Waraich,Software engineer,Imtiaz.waraich@logicsilicon.com,
Irfa Farooq,Software engineer,irfa.farooq@logicsilicon.com,
Irfan Hussain,Software engineer,irfan.hussain@logicsilicon.com,
Jackson Tong,Software engineer,jtong@logicsilicon.com,
Javeria Ehsan,Software engineer,javeria.ehsan@logicsilicon.com,
Jawad  Khan,Software engineer,jawad.khan@logicsilicon.com,
Jawaid Rasheed,Software engineer,jawaid@logicsilicon.com,
jeff.upton,Software engineer,jeff.upton_altera.com#EXT#@logicsiliconinc.onmicrosoft.com,
jo.wei.quah,Software engineer,jo.wei.quah_altera.com#EXT#@logicsiliconinc.onmicrosoft.com,
jun.keat.tan,Software engineer,jun.keat.tan_altera.com#EXT#@logicsiliconinc.onmicrosoft.com,
Junaid Saleem,Software engineer,junaid.saleem@logicsilicon.com,
Karam Naveed,Software engineer,karam.naveed@logicsilicon.com,
Kelly Parrington,Software engineer,kelly.parrington_kellyocg.com#EXT#@logicsiliconinc.onmicrosoft.com,
kevin.suresh,Software engineer,kevin.suresh_neurealm.com#EXT#@logicsiliconinc.onmicrosoft.com,
Khadem Ullah,Software engineer,khadem.ullah@logicsilicon.com,
Khalid Ur Rehman,Software engineer,khalid.rehman@logicsilicon.com,
"Khalid, Muhammad ObaidX",Software engineer,muhammadobaidx.khalid_altera.com#EXT#@logicsiliconinc.onmicrosoft.com,
Khawaja Mustafa,Software engineer,mustafa@logicsilicon.com,
kok.wei.li,Software engineer,kok.wei.li_altera.com#EXT#@logicsiliconinc.onmicrosoft.com,
"Labib, Khaled",Software engineer,khaled.labib_altera.com#EXT#@logicsiliconinc.onmicrosoft.com,
M Shahzaib Zahoor,Software engineer,shahzaib.zahoor@logicsilicon.com,
M. Hamza Javaid,Software engineer,hamza.javaid@logicsilicon.com,
Maarij Raheem,Software engineer,maarij@logicsilicon.com,
Maaz Saeed,Software engineer,maaz.saeed@logicsilicon.com,
mahnoormaleeka123,Software engineer,mahnoormaleeka123_gmail.com#EXT#@logicsiliconinc.onmicrosoft.com,
Mahwish Fatima,Software engineer,mahwish@logicsilicon.com,
Majeed Jan,Software engineer,majeed.jan@logicsilicon.com,
Mariam Syed,Software engineer,mariam.syed@logicsilicon.com,
Maryam Feroz,Software engineer,maryam@logicsilicon.com,
Mashood Ul Hassan,Software engineer,mashood@logicsilicon.com,
Mehboob Khaliq,Software engineer,mehboob.khaliq@logicsilicon.com,
Mehwish Aleem,Software engineer,mehwish.aleem@logicsilicon.com,
Minhaj Ahmed,Software engineer,minhaj.ahmed@logicsilicon.com,
Mubashir Noor,Software engineer,mubashir.noor@logicsilicon.com,
Muhammad  Huzaifa,Software engineer,m.huzaifa@logicsilicon.com,
Muhammad Aaquib  Shahbaz,Software engineer,aaquib.shahbaz@logicsilicon.com,
Muhammad Abbas,Software engineer,m.abbas@logicsilicon.com,
Muhammad Abdullah Asim,Software engineer,mabdullah.asim@logicsilicon.com,
Muhammad Abdullah Shafiq,Software engineer,abdullah.shafiq@logicsilicon.com,
Muhammad Afaq Younas,Software engineer,afaq.younas@logicsilicon.com,
Muhammad Ahabb Sheraz,Software engineer,ahabb.sheraz@logicsilicon.com,
Muhammad Ameer Hamza,Software engineer,ameer.hamza@logicsilicon.com,
Muhammad Ammar Malik,Software engineer,ammar.malik@logicsilicon.com,
Muhammad Ansar,Software engineer,m.ansar@logicsilicon.com,
Muhammad Anwar Ansari,Software engineer,anwar.ansari@logicsilicon.com,
Muhammad Arham Maymoon,Software engineer,arham.maymoon@logicsilicon.com,
Muhammad Arham Siddiqui,Software engineer,arham.siddiqui@logicsilicon.com,
Muhammad Ashraf,Software engineer,ashraf@logicsilicon.com,
Muhammad Awais Karim,Software engineer,awais@logicsilicon.com,
Muhammad Azeem Ghauri,Software engineer,azeem@logicsilicon.com,
Muhammad Bilal,Software engineer,m.bilal@logicsilicon.com,
Muhammad Bilal Baber,Software engineer,bilal.baber@logicsilicon.com,
Muhammad Faiq,Software engineer,m.faiq@logicsilicon.com,
Muhammad Faisal Din,Software engineer,faisal.din@logicsilicon.com,
Muhammad Faraz Ashfaq,Software engineer,faraz.ashfaq@logicsilicon.com,
Muhammad Farhan,Software engineer,muhammad.farhan@logicsilicon.com,
Muhammad Hassan Akram,Software engineer,hassan.akram@logicsilicon.com,
Muhammad Idrees,Software engineer,idrees@logicsilicon.com,
Muhammad Junaid,Software engineer,m.junaid@logicsilicon.com,
Muhammad Mirza,Software engineer,m.mirza@logicsilicon.com,
Muhammad Misbah,Software engineer,m.misbah@logicsilicon.com,
Muhammad Moiz Khan,Software engineer,moiz.khan@logicsilicon.com,
Muhammad Mujtaba Waseem,Software engineer,mujtaba.waseem@logicsilicon.com,
"Muhammad Murtaza, SyedX",Software engineer,syedx.muhammad.murtaza_altera.com#EXT#@logicsiliconinc.onmicrosoft.com,
Muhammad Nadeem,Software engineer,m.nadeem@logicsilicon.com,
Muhammad Rashid,Software engineer,rashid@logicsilicon.com,
Muhammad Saad Haroon,Software engineer,saad.haroon@logicsilicon.com,
Muhammad Saqib,Software engineer,saqib@logicsilicon.com,
Muhammad Shahzaib,Software engineer,shahzaib@logicsilicon.com,
Muhammad Shayan,Software engineer,shayan@logicsilicon.com,
Muhammad Soban,Software engineer,muhammad.soban@logicsilicon.com,
Muhammad Sufiyan Sadiq,Software engineer,sufiyan.sadiq@logicsilicon.com,
Muhammad Taha,Software engineer,m.taha@logicsilicon.com,
Muhammad Umar Ibrahim,Software engineer,umar.ibrahim@logicsilicon.com,
Muhammad Umer Farooq,Software engineer,mumerfarooq@logicsilicon.com,
Muhammad Umer Naseer,Software engineer,umer.naseer@logicsilicon.com,
Muhammad Umer Rathore,Software engineer,umer@logicsilicon.com,
Muhammad Umer Rathore,Software engineer,umerrathore10_hotmail.com#EXT#@logicsiliconinc.onmicrosoft.com,
Muhammad Usama,Software engineer,muhammad.usama@logicsilicon.com,
Muhammad Usama  Aslam,Software engineer,usama.aslam@logicsilicon.com,
Muhammad Waleed Badar,Software engineer,waleed.badar@logicsilicon.com,
Muhammad Waleed Jalil,Software engineer,waleed.jalil@logicsilicon.com,
Muhammad Zain Naveed,Software engineer,zain.naveed@logicsilicon.com,
Muhammad Zeeshan Malik,Software engineer,zeeshan.malik@logicsilicon.com,
Muhammad Miqdad Ahmad,Software engineer,miqdad.ahmad@logicsilicon.com,
muhammad_miqdad,Software engineer,muhammad_miqdad_outlook.com#EXT#@logicsiliconinc.onmicrosoft.com,
muhammadhassan54328,Software engineer,muhammadhassan54328_gmail.com#EXT#@logicsiliconinc.onmicrosoft.com,
Mumtaz Ahmad,Software engineer,mumtaz.ahmad@logicsilicon.com,
Muneeb Abrar,Software engineer,muneeb.abrar@logicsilicon.com,
Muqdas Naz,Software engineer,muqdas.naz@logicsilicon.com,
Mustafa Ali,Software engineer,mustafa.ali@logicsilicon.com,
Naaman Liaqut,Software engineer,naaman.liaqut@logicsilicon.com,
Nadeem Ahmed,Software engineer,nadeem.ahmed@logicsilicon.com,
Najam  Khalil,Software engineer,najam@logicsilicon.com,
Natasha Kamal,Software engineer,natasha.kamal@logicsilicon.com,
Nazish Iqbal,Software engineer,nazish@logicsilicon.com,
"Ng, Shy Jiun",Software engineer,shy.jiun.ng_altera.com#EXT#@logicsiliconinc.onmicrosoft.com,
Nimra Khan,Software engineer,nimra.khan@logicsilicon.com,
Obaid Khalid,Software engineer,obaid@logicsilicon.com,
Osama Muhammad,Software engineer,osama.muhammad@logicsilicon.com,
"Osama, SyedX",Software engineer,syedmuhammadx.osama_altera.com#EXT#@logicsiliconinc.onmicrosoft.com,
Oshna Ashraf,Software engineer,oshna@logicsilicon.com,
Qamar Raza,Software engineer,qamar.raza@logicsilicon.com,
Qazi Hamid,Software engineer,qazi.hamid@logicsilicon.com,
Qazi Shahid,Software engineer,qazi.shahid@logicsilicon.com,
Qurat Ul Ain,Software engineer,quratulain@logicsilicon.com,
Rabeea Shahid,Software engineer,rabeea@logicsilicon.com,
Rahim Ullah,Software engineer,rahimullah@logicsilicon.com,
Rameen Anwer,Software engineer,rameen.anwer@logicsilicon.com,
"Rathore, UmerX",Software engineer,muhammad.umerx.rathore_altera.com#EXT#@logicsiliconinc.onmicrosoft.com,
Redmine LS,Software engineer,redmine@logicsilicon.com,
Rehan Ahmed,Software engineer,rehan@logicsilicon.com,
Rehan Qasim,Software engineer,rehan.qasim@logicsilicon.com,
Rida Zainib,Software engineer,rida@logicsilicon.com,
Rukhaima Maryam,Software engineer,rukhaima.maryam@logicsilicon.com,
Saad Khan,Software engineer,saad.khan@logicsilicon.com,
saadan06,Software engineer,saadan06_gmail.com#EXT#@logicsiliconinc.onmicrosoft.com,
saadan060,Software engineer,saadan060_gmail.com#EXT#@logicsiliconinc.onmicrosoft.com,
Sadeem Sajid,Software engineer,sadeem.sajid@logicsilicon.com,
"Sadiq, HareemX",Software engineer,hareemx.sadiq_intel.com#EXT#@logicsiliconinc.onmicrosoft.com,
Saira Ijaz,Software engineer,saira.ijaz@logicsilicon.com,
Salman Abdul Khaliq,Software engineer,salman.abdul@logicsilicon.com,
Salman Azam,Software engineer,salman.azam@logicsilicon.com,
Sameer Awais,Software engineer,sameer.awais@logicsilicon.com,
Saqib Ameer Khan,Software engineer,saqib.ameer@logicsilicon.com,
Sara Malik,Software engineer,sara.malik@logicsilicon.com,
"Sarwar, Syed ShaheerX",Software engineer,syed.shaheerx.sarwar_altera.com#EXT#@logicsiliconinc.onmicrosoft.com,
Shaheer Sajid,Software engineer,shaheer@logicsilicon.com,
Shahid Hussain,Software engineer,shahid@logicsilicon.com,
Shahrukh Hussain,Software engineer,shahrukh.hussain@logicsilicon.com,
shaikheeman123,Software engineer,shaikheeman123_gmail.com#EXT#@logicsiliconinc.onmicrosoft.com,
Shakeel Ahmad,Software engineer,shakeel.ahmad@logicsilicon.com,
Shameer hussain Khan,Software engineer,shameer.hussain@logicsilicon.com,
Sheheryar  Naeem,Software engineer,sheheryar.naeem@logicsilicon.com,
Shehryar Kashif,Software engineer,shehryar.kashif@logicsilicon.com,
Sheryar Shahzad,Software engineer,sheryar.shahzad@logicsilicon.com,
Sohaib Hussain,Software engineer,sohaib.hussain@logicsilicon.com,
Sohail Syed,Software engineer,sohail@logicsilicon.com,
Sundus Hamid,Software engineer,sundus@logicsilicon.com,
Syed Ahmed Jamal,Software engineer,ahmed.jamal@logicsilicon.com,
Syed Ali Moajiz Rizvi,Software engineer,moajiz@logicsilicon.com,
Syed Ashar Mohiuddin,Software engineer,ashar.mohiuddin@logicsilicon.com,
Syed Bilal Sajjad Hashmi,Software engineer,bilal.sajjad@logicsilicon.com,
Syed Hasnain Ali Naqvi,Software engineer,hasnain.ali@logicsilicon.com,
Syed Jawad  Hussain Shah,Software engineer,jawad.shah@logicsilicon.com,
Syed Muhammad Arif Hashmi,Software engineer,arif.hashmi@logicsilicon.com,
Syed Muhammad Mohsin,Software engineer,mohsin@logicsilicon.com,
Syed Muhammad Murtaza,Software engineer,murtaza@logicsilicon.com,
Syed Muhammad Osama,Software engineer,osama.syed@logicsilicon.com,
Syed Shaheer Sarwar,Software engineer,shaheer.sarwar@logicsilicon.com,
Syed Talha Ahmed,Software engineer,talha.ahmed@logicsilicon.com,
Syed Tayyab Farooq,Software engineer,tayyab.farooq@logicsilicon.com,
syedashar649,Software engineer,syedashar649_gmail.com#EXT#@logicsiliconinc.onmicrosoft.com,
syedx.muhammad.murtaza,Software engineer,syedx.muhammad.murtaza_intel.com#EXT#@logicsiliconinc.onmicrosoft.com,
Taha Sami,Software engineer,taha.sami@logicsilicon.com,
Tanveer Ahmed Khan,Software engineer,tanveer.ahmed@logicsilicon.com,
Tapas Kundu,Software engineer,tapas_arightco.com#EXT#@logicsiliconinc.onmicrosoft.com,
Tehreem Fatima,Software engineer,tehreem.fatima@logicsilicon.com,
Test Altera,Software engineer,test.altera@logicsilicon.com,
Thomas Stier,Software engineer,tstier_aslcpa.com#EXT#@logicsiliconinc.onmicrosoft.com,
Umair Khan,Software engineer,umair.khan@logicsilicon.com,
Umar Farooq,Software engineer,umar.farooq@logicsilicon.com,
Ume Kulsoom,Software engineer,ume.kulsoom@logicsilicon.com,
Umer Gul,Software engineer,umer.gul@logicsilicon.com,
Umer Idrees,Software engineer,umer.idrees@logicsilicon.com,
"Usama, MuhammadX",Software engineer,muhammadx.usama_altera.com#EXT#@logicsiliconinc.onmicrosoft.com,
Usman Farooq,Software engineer,usman.farooq@logicsilicon.com,
Uzair Rehman,Software engineer,uzair.rehman@logicsilicon.com,
Vandana Kumari,Software engineer,vandana.kumari@logicsilicon.com,
Waqar Azeem Baig,Software engineer,waqar.azeem@logicsilicon.com,
Waqas Ali Akbar,Software engineer,waqas@logicsilicon.com,
Waqas Ijaz,Software engineer,waqas.ijaz@logicsilicon.com,
Waqas Shahid,Software engineer,waqas.shahid@logicsilicon.com,
waqas.ahmed5386,Software engineer,waqas.ahmed5386_gmail.com#EXT#@logicsiliconinc.onmicrosoft.com,
Wasim Ghafar,Software engineer,wasim.ghafar@logicsilicon.com,
Wasiq Hussain Qureshi (IT),Software engineer,wasiq@logicsilicon.com,
yiftikhar,Software engineer,yiftikhar_iba.edu.pk#EXT#@logicsiliconinc.onmicrosoft.com,
Yunfei Chen,Software engineer,yunfei.chen@logicsilicon.com,
Zafir Hafeez,Software engineer,zafir@logicsilicon.com,
Zain Jahangir,Software engineer,zain.jahangir@logicsilicon.com,
Zarish Saif,Software engineer,zarish.saif@logicsilicon.com,
Zaryan Ur Rehman,Software engineer,zaryan.rehman@logicsilicon.com,
Zeeshan Ahmad,Software engineer,zeeshan.ahmed@logicsilicon.com,
